actor_entropy,actor_loss,alpha_loss,alpha_value,batch_reward,critic_loss,duration,episode,episode_length,episode_reward,step
48.261411074471475,-98.7011873238273,4.239002686950564,0.06499721626421717,0.39814446241259577,2.412861853532493,200.4822793006897,2022.0,85.09631728045326,33.355614,60000
15.138740021216124,-171.8516852874756,0.9705160065140109,0.027833358007568823,0.3950114966213703,4.398514891827107,200.0124068260193,2450.0,70.10747663551402,25.495806,70000
-16.60026313009262,-232.74690162963867,-0.009455459602514748,0.022905270564754752,0.39009945428967474,6.311820753908157,199.88572692871094,2924.0,63.324894514767934,22.341345,80000
-17.38147980527878,-345.10646764526365,-0.04472449000999332,0.03404217795345178,0.38479607020020484,9.972987391853332,199.98559427261353,3535.0,49.12602291325695,16.320616,90000
-18.082592715740205,-659.1636197540283,-0.14750304424203933,0.07697996430879914,0.3781996854364872,18.859762190151216,200.02233123779297,4275.0,40.527027027027025,13.024369,100000
-17.20218594083786,-1352.1368188354493,-0.16024961118912323,0.15832493881378337,0.37341971526443957,35.921722263908386,207.8907768726349,4929.0,45.75535168195719,14.967893,110000
-16.631168321609497,-2324.4194823486328,-0.11147233770349994,0.27166397062066694,0.36848060246109965,63.81434542999268,199.9237675666809,5645.0,41.944134078212294,13.028996,120000
-16.3010089468956,-3165.1940837402344,-0.032018700059317055,0.32447261482935186,0.3640695346742868,85.63349512023926,199.98169660568237,6291.0,46.5046439628483,15.014372,130000
-16.10932647819519,-3625.8737713867185,0.029194103676639497,0.32967935664752873,0.36094504308402536,92.22436158294678,200.04869389533997,6940.0,46.1402157164869,14.833888,140000
-16.030562931060793,-3467.9002217529296,0.04878696205420419,0.2897819588510345,0.3590908240646124,94.04115185089111,200.05313158035278,7383.0,67.70428893905192,23.426876,150000
-15.974851507091522,-3073.799505004883,0.0546723508361727,0.24757511279580557,0.35890681453347206,88.77276290283203,200.00029706954956,7836.0,66.16335540838853,23.974447,160000
-16.072441865444183,-2715.1627415771486,0.026369195217546076,0.20652214389895276,0.35853372550606727,76.88300402030944,199.90883231163025,8335.0,60.034068136272545,20.408026,170000
-16.00647960767746,-2389.82795222168,0.03422149025988765,0.17591004826296436,0.35778084100186824,69.36079697303772,199.98867464065552,8768.0,69.33949191685912,24.620995,180000
-16.047410344982147,-2080.2808221313476,0.022822970774397253,0.15126083564644918,0.35787357429564,61.76067197494507,200.03687119483948,9194.0,70.40140845070422,25.13731,190000
-16.153427201461792,-1857.6542361938477,0.006314990054862574,0.13768015005239778,0.35795608397722245,57.83989944267273,200.0494349002838,9596.0,74.40796019900498,27.33132,200000
-16.07610812253952,-1705.1244463745118,0.015313191873533652,0.123269836272765,0.3580643982350826,51.86851454334259,221.5930106639862,9983.0,77.14728682170542,27.445276,210000
-16.0223719666481,-1526.4147626464844,0.018655906624440104,0.10583864229107476,0.3578153967678547,47.03977928199768,200.05631804466248,10472.0,61.48261758691206,21.306093,220000
-16.08703686313629,-1348.848732006836,0.010140491600567476,0.09024215922916912,0.357887083825469,41.75844304428101,199.9487063884735,10808.0,89.11309523809524,33.075546,230000
-16.082328862380983,-1212.66472779541,0.00928077279056888,0.07848779214203998,0.35808234900832175,34.75287686367035,199.93359541893005,11229.0,71.28028503562945,25.463354,240000
-16.141975235557556,-1141.6119190185548,0.00424214869926218,0.07203694743239064,0.35744961383342744,30.43507019443512,200.11282181739807,11862.0,47.42022116903634,14.975402,250000
-15.929065581321716,-1014.0303401062012,0.01709102585047949,0.05977372215323017,0.3561254012733698,29.409183084106445,199.90151381492615,12326.0,64.78232758620689,22.214716,260000
-16.209775923538206,-877.9500993286133,-0.000524417048599571,0.05760200107856694,0.3557195935368538,28.393133651924135,199.99563813209534,12736.0,72.88780487804878,25.895432,270000
-16.117244824028017,-760.6444125793457,0.004506435274484102,0.054036323820940424,0.35631242409646513,28.750326428222657,200.0447006225586,13033.0,100.79797979797979,38.66132,280000
-16.09074359369278,-656.0749607788086,0.005352548653399572,0.04951261779722643,0.3569652901411057,25.895983141326905,200.71638703346252,13510.0,63.255765199161424,22.684383,290000
-16.024043764591216,-588.7861296203613,0.007400845825695433,0.04250697062879627,0.3569656150192022,21.422677540397643,199.9609866142273,13813.0,98.63366336633663,35.95802,300000
-16.207037664318086,-570.9225124023437,-0.00025846768668852746,0.038221061589047284,0.35674642735123635,17.27269666376114,214.61012172698975,14434.0,48.193236714975846,15.456726,310000
-15.971570770645142,-573.4655987548828,0.008101320380507968,0.03733770485612564,0.35525547716617584,16.21839425525665,200.05940508842468,14916.0,62.05601659751037,19.70226,320000
-16.03371037597656,-515.0801482879639,0.0050191878548823295,0.029009106434280653,0.3548518681049347,15.71293120470047,199.91808319091797,15314.0,75.61809045226131,26.88864,330000
-16.078083503246308,-454.99396023864745,0.003195901412947569,0.026842199731474677,0.3542600888758898,14.139063600683212,199.9658694267273,15877.0,53.0923623445826,17.943617,340000
-16.16960129442215,-418.16397342529297,0.0007458614875911735,0.023971302241538095,0.35304141046702864,13.024773503637315,200.01040077209473,16285.0,73.61519607843137,25.835825,350000
-16.0633279047966,-377.9514994476318,0.003046323452674551,0.02178688163777582,0.35136111876368525,12.22480692448616,200.0483078956604,16643.0,83.59776536312849,29.729132,360000
-16.158342323970796,-342.94463074645995,0.0008484082184208091,0.020167571336807234,0.35017539579570295,10.88223671412468,200.07127928733826,17137.0,60.84615384615385,21.069569,370000
-16.119160731983186,-315.03283691101075,0.0015350881405640393,0.01878058024409834,0.34845630994439125,10.153226213788987,199.90963315963745,17551.0,72.58212560386474,25.50788,380000
-16.160604722213744,-280.14772432250976,0.0007044509590428788,0.017501021803119757,0.34650018288493156,9.600263831758499,199.95791745185852,18147.0,50.15436241610738,15.904619,390000
-16.13931579427719,-248.84011574554444,0.0010234003320103511,0.01673834886637687,0.3449176378875971,9.28496238822937,200.02139830589294,18572.0,70.76705882352941,23.779604,400000
-16.226455972385406,-225.20702758636475,-0.00043167765238904393,0.016511854191197137,0.34430242736339567,8.541589587831497,212.65219855308533,18915.0,86.98250728862973,30.94454,410000
-16.154866010284422,-216.46953287963868,0.0007537687304837163,0.01722414993112666,0.3440331816792488,8.466651504468917,199.9361355304718,19431.0,58.30038759689923,18.81995,420000
-16.219161909770964,-204.8269595565796,-0.00031585892118746417,0.015914855952586255,0.34395914090573787,8.268658088064194,200.03293251991272,19992.0,53.431372549019606,17.763817,430000
-16.225116437053682,-191.40139625854493,-0.00041971972925239245,0.016377948423717672,0.3442791411072016,8.139032594442368,200.03876757621765,20554.0,53.48576512455516,18.004404,440000
-16.13228739852905,-185.01107431640625,0.0011252784624113702,0.016388270419612796,0.3445170837134123,7.797245563173294,200.06113171577454,21109.0,53.83423423423424,17.948479,450000
-16.130769909954072,-177.35343587799073,0.001071571268758271,0.015892319730342278,0.34552632229030134,7.5430983451366425,199.9217391014099,21435.0,92.16257668711657,32.999146,460000
-16.165048705101015,-164.00464172515868,0.0005141560237447266,0.014500650812014505,0.34637183701694013,6.890563275623322,199.94478034973145,21951.0,58.04651162790697,19.636251,470000
-16.115363087272645,-156.32052213745118,0.0011659449719532858,0.013590300397265552,0.34700127139389514,6.273933740592003,200.02778315544128,22335.0,78.35677083333333,27.08769,480000
-16.210727137088774,-154.92204731292725,-0.00013779085843998473,0.013031752149469167,0.3464026782572269,5.829296846842766,200.04884934425354,22748.0,72.62469733656174,23.930405,490000
-16.316605484104155,-165.25427542114258,-0.001640361825801665,0.014394149589635535,0.3451599239349365,5.885888894319534,200.06180262565613,23378.0,47.50317460317461,14.572197,500000
-16.132625787830353,-174.00546303863524,0.0009836528652871492,0.014430834816671314,0.34485807354152204,6.469879496145248,204.10877060890198,23763.0,77.31168831168831,26.889019,510000
-16.17291524477005,-171.22179367980956,0.000381397540459875,0.0138751329290485,0.3439930136680603,6.356346927165985,199.9796004295349,24403.0,47.0875,14.519806,520000
-16.070337664794923,-166.73380690765381,0.0016769851832825224,0.012763311080949472,0.3429746596068144,6.126799503993988,200.0480990409851,24843.0,68.18863636363636,23.637577,530000
-16.11728208389282,-161.80430717163085,0.0009664894998655655,0.011684047488577253,0.34218250626027585,5.601360638022423,200.0480558872223,25373.0,56.62264150943396,18.334894,540000
-16.033198470783233,-154.26098780517577,0.0017364851561462273,0.010572415955687772,0.3416144421458244,5.4126098965168,200.02192449569702,25731.0,83.64804469273743,29.261662,550000
-16.247866975593567,-144.51952627868653,-0.0004705624217109289,0.009540157554795575,0.34167174115478993,4.925035857892037,199.88451981544495,26229.0,60.35140562248996,20.672253,560000
-16.04561283016205,-141.27090092163087,0.0014543375538079999,0.009512513935516389,0.3408225684314966,4.843919271850586,200.00044751167297,26677.0,66.91071428571429,23.19908,570000
-16.14145889558792,-136.36850309295653,0.0004991020736226346,0.008550756158524127,0.3408103182256222,4.491920387506485,200.04095792770386,27020.0,87.59183673469387,31.222963,580000
-16.09270851535797,-131.0669540527344,0.0008411950489971787,0.007900499556157512,0.3412082737952471,4.268896786618233,200.06972551345825,27841.0,36.532277710109625,11.534046,590000
-16.241186985111238,-128.3305165206909,-0.00030941018595767675,0.007500200931276863,0.34063033426404,4.061984230208397,200.02158045768738,28352.0,58.56164383561644,18.68758,600000
-16.138641320610045,-130.2265649597168,0.0004632291541493032,0.00784122240130986,0.33950415829122066,4.132408907103539,216.80066847801208,28824.0,63.34322033898305,21.043312,610000
-16.342174858665466,-127.9433427444458,-0.0011071947371645366,0.007685686241355175,0.3378977878272533,4.141076886892319,200.03789639472961,29320.0,60.56653225806452,19.369877,620000
-16.07235507040024,-126.04496460952758,0.0010032270762661939,0.00791687660638154,0.33695918183326723,4.259244245839119,199.86426663398743,29693.0,80.41823056300268,28.380787,630000
-16.128096812057496,-121.06354157028198,0.0005139598463953007,0.007259883473989521,0.33651266174018385,3.968875770497322,199.98392701148987,30182.0,61.38241308793456,20.37497,640000
-16.155947582149505,-116.32788477172852,0.00029963510499801487,0.006561894200013664,0.3370760005772114,3.7190646273374557,200.02122616767883,30653.0,63.58386411889597,20.967176,650000
-16.163850684261323,-115.40382735366822,0.00023733415948518085,0.006510654787460633,0.3374667885303497,3.5923084925293924,200.05500841140747,31099.0,67.29820627802691,22.906677,660000
-16.20464208621979,-114.27812822189331,-2.727731175837107e-05,0.00641566663174624,0.3365475792944431,3.4984401987314224,200.06741881370544,31722.0,48.10593900481541,14.917767,670000
-16.205240736007692,-113.60599552230835,-3.119700624374673e-05,0.006219219443601271,0.3358027859836817,3.4795968742370604,199.89672183990479,32322.0,50.108333333333334,16.592007,680000
-16.18509967870712,-112.53142378692627,9.772587922925595e-05,0.006591303317547509,0.33534869308769705,3.4453078579306604,199.95768451690674,32766.0,67.42342342342343,22.870094,690000
-16.10087547235489,-110.17687693023682,0.0006029865093121771,0.005953502698782746,0.33469760396778586,3.3396539681077004,200.03352665901184,33397.0,47.556259904912835,15.702424,700000
-16.228056646347046,-106.96265714416504,-0.00016188789717270992,0.005812223669367884,0.3343009480625391,3.212145574903488,220.3837342262268,33858.0,64.89154013015184,20.837847,710000
-16.147382929039,-104.97752725372314,0.00030643527390202506,0.005926728082908903,0.33367114754319194,3.159585005688667,200.02918028831482,34346.0,61.46106557377049,19.868214,720000
-16.220756122589112,-104.66521941452027,-0.00011690393386670622,0.0059157924153159375,0.33350672436356543,3.151165910410881,200.06120252609253,35047.0,42.78601997146933,13.863834,730000
-16.249619444847106,-104.34966949768067,-0.0002902616059873253,0.006059497930270992,0.3329774918794632,3.1714146641254426,200.05100631713867,35664.0,48.62398703403566,15.905991,740000
-16.15002361803055,-104.92530854110717,0.00029857546838320557,0.005739949142941083,0.3321456174045801,3.1651435200214384,199.9099497795105,36169.0,59.49108910891089,18.57047,750000
-16.793454277706147,-111.33479324951172,-0.004492617631165195,0.007794620432889412,0.331970926707983,3.530690965771675,199.94317889213562,36955.0,38.155216284987276,11.9207,760000
-16.026959014320372,-125.03394739761353,0.0015316669443040155,0.009270111644120184,0.33146763034164906,4.059896973347664,200.02393627166748,37441.0,61.52880658436214,20.935057,770000
-16.69993670911789,-129.99684186706543,-0.004998237495496869,0.008933153893484825,0.33192327938973903,4.209763276040554,200.05415081977844,37888.0,67.32214765100672,22.474585,780000
-16.457400847244262,-158.36742301483153,-0.0034510021304362455,0.014593780579650578,0.3313572759717703,5.4347192805290225,200.07004141807556,38531.0,46.707620528771386,14.29159,790000
-16.041577914619445,-177.54723091888428,0.0022333148885751142,0.013922019661226895,0.3299520203769207,6.082211930799485,199.9098551273346,39081.0,54.42181818181818,17.448597,800000
-15.983094120502471,-168.69969767456055,0.002551496629783651,0.011731299620854911,0.32930642825961115,5.779670724916458,212.03749799728394,39662.0,51.514629948364885,16.385061,810000
-16.080970537757874,-153.06238615417482,0.0011905545887653717,0.009958943163469527,0.3289395521879196,4.992710587096214,200.07356309890747,40170.0,59.061023622047244,19.07389,820000
-16.131785030269622,-139.59145509643554,0.0006216409243032104,0.00897847388009929,0.32888607270419595,4.371558625841141,199.90693020820618,40658.0,61.325819672131146,20.307093,830000
-16.139397553157806,-133.15311623840333,0.0005188199028023519,0.008685619907506064,0.3294615972161293,4.138020897936821,199.95342707633972,41094.0,68.69266055045871,23.99456,840000
-16.12351138687134,-128.21865494155884,0.0006191052319074516,0.008479750365957696,0.32905676021873953,3.9666841585040093,200.0392360687256,41815.0,41.737864077669904,13.159975,850000
-16.027479371929168,-121.0047982208252,0.001235682622596505,0.0069391798960993754,0.32948017961978915,3.527302365386486,200.0663058757782,42341.0,57.07794676806083,19.081701,860000
-16.358810816574096,-119.3550447380066,-0.0011279324364470084,0.007411329469569202,0.32883765663206577,3.456693932557106,199.68236207962036,42984.0,46.6656298600311,14.005342,870000
-16.44876468667984,-122.21440794143676,-0.00214062986522913,0.007922145681298901,0.3280558284074068,3.69571543841362,200.11148142814636,43683.0,42.949928469241776,13.564502,880000
-16.217788382720947,-131.96742256774903,-0.0001668694152729586,0.010504071065922356,0.327131073102355,4.270375722956658,200.17316341400146,44256.0,52.20069808027923,16.797264,890000
-15.926119253253937,-134.2183477798462,0.002364093737589428,0.008337296941647691,0.32707964577972887,4.118154611063003,200.178231716156,44875.0,48.63812600969305,16.233053,900000
-16.343029714298247,-129.0409767791748,-0.001179671795037575,0.007988435287768188,0.32617490110993386,3.8124624804496765,203.91947674751282,45523.0,46.20061728395062,14.571705,910000
-16.082349060153962,-129.91208727722167,0.001030948272909154,0.009453780065161984,0.32582198396623135,4.20537353553772,200.1227843761444,45947.0,70.49292452830188,25.567636,920000
-16.04230786561966,-130.94632341308593,0.0012221781753731192,0.00815374235395428,0.32642926152348517,3.9043178722143175,200.176682472229,46577.0,47.78888888888889,15.088678,930000
-16.175244176006316,-126.83829392318725,0.00017959660963970237,0.006978035608202373,0.3263852416694164,3.653467209112644,199.59975838661194,47160.0,51.48713550600343,16.759377,940000
-16.26348162717819,-122.3908995223999,-0.0004549192419508472,0.007597623892751273,0.32590708321332934,3.6930319542646406,200.21105003356934,47976.0,36.611519607843135,10.9922495,950000
-15.98204451303482,-121.847444380188,0.0014894802145310677,0.0067388729596918485,0.3255364651173353,3.545094598412514,200.17908668518066,48540.0,53.35992907801418,16.991749,960000
-16.281168647384643,-115.8780712310791,-0.0005178698989897385,0.006423622597701143,0.3247493964701891,3.390184923386574,199.6206350326538,49019.0,62.511482254697285,20.65574,970000
-16.02610351905823,-111.4062898727417,0.0010676889230278902,0.0061030434957946664,0.324887569925189,3.21578614975214,200.12992763519287,49596.0,52.06239168110918,17.557472,980000
-16.103857423686982,-104.87649837112427,0.0005205824050834053,0.005564205759405471,0.32452947466373444,3.0092653218865393,200.13850903511047,50121.0,57.06285714285714,18.503973,990000
-16.20791509809494,-98.90026220932006,-3.492982833267888e-05,0.005394505129146144,0.32460490398705005,2.850588305413723,199.62359189987183,50792.0,44.846497764530554,14.384047,1000000
